<node service="4">
Big Oil 
President

	<node service="10">
	Eastern Region
	Manager
	
		**Tech Asst

		<node service="4">
		Operations Manager
			
			**Ops Asst

			<node service="6">
			Area A Production Group					
				<node service="1">
				Ops Supervisor
				</node>			

				<node service="1">
				Ops Assistant							
				</node>			

				<node service="8">
				Field Coord							
				</node>			

				<node service="9">
				Safety Coord								
				</node>			

				<node service="3">
				Maintenance Supervisor		

					<node service="6">
					Safety Specialist							
					</node>			

					<node service="9">
					Mechanic							
					</node>			
						
					<node service="1">
					Electrician							
					</node>	

					<node service="2">
					Operator							
					</node>			
		
				</node>			

			</node>

			<node service="5">
			Area B Production Group

				<node service="4">
				Ops Supervisor
				</node>			

				<node service="7">
				Ops Assistant							
				</node>			

				<node service="0">
				Field Coord							
				</node>			

				<node service="1">
				Safety Coord								
				</node>			

				<node service="3">
				Maintenance Supervior		

					<node service="4">
					Safety Specialist							
					</node>			

					<node service="8">
					Mechanic							
					</node>			
						
					<node service="16">
					Electrician							
					</node>	

					<node service="3">
					Operator							
					</node>			
		
				</node>			
								
			</node>

			<node service="11">
			Area C Production Group	

				<node service="17">
				Ops Supervisor
				</node>			

				<node service="9">
				Ops Assistant							
				</node>			

				<node service="3">
				Field Coord							
				</node>			

				<node service="9">
				Safety Coord								
				</node>			

				<node service="6">
				Maintenance Supervisor		

					<node service="4">
					Safety Specialist							
					</node>			

					<node service="12">
					Mechanic							
					</node>			
						
					<node service="6">
					Electrician							
					</node>	

					<node service="20">
					Operator							
					</node>			
		
				</node>			
							
			</node>

			<node service="9">
			Area D Production Group	

				<node service="12">
				Ops Supervisor
				</node>			

				<node service="4">
				Ops Assistant							
				</node>			

				<node service="6">
				Field Coord							
				</node>			

				<node service="2">
				Safety Coord								
				</node>			

				<node service="1">
				Maintenance Supervisor		

					<node service="9">
					Safety Specialist							
					</node>			

					<node service="3">
					Mechanic							
					</node>			
						
					<node service="4">
					Electrician							
					</node>	

					<node service="4">
					Operator							
					</node>			
		
				</node>			
						
			</node>

			<node service="6">
			Maint Group		

				<node service="2">
				Field Supervisor
				</node>			

				<node service="9">
				Facilities Engr							
				</node>			

				<node service="5">
				Operations Engr							
				</node>			

				<node service="8">
				Construction Coord								
				</node>			

				<node service="6">
				Construction Rep				
				</node>			
					
				<node service="3">
				Technician				
				</node>			

			</node>

			<node service="4">
			Ops Support							

				<node service="1">
				Ops Advisor				
				</node>			
					
				<node service="3">
				MP2 Coord				
				</node>			

			</node>

		</node>

		<node service="12">
		Facilities Engr
		Supervisor

			<node service="17">
			EE Supervisor

				<node service="4">
				Elect Engr
				</node>

				<node service="6">
				Elect Rep
				</node>

			</node>

			<node service="4">
			Facilities Engr
			</node>

			<node service="4">
			Facilities Rep
			</node>

			<node service="5">
			Facilities Tech
			</node>

		</node>

		<node service="4">
		Petroleum Engr
		Supervisor

			<node service="4">
			PE Advisor
			</node>

			<node service="4">
			Sr Pet Engr
			</node>

			<node service="4">
			Pet Engr
			</node>

			<node service="4">
			PE Tech
			</node>

		</node>

		<node service="4">
		Earth Science
		Supervisor

			<node service="4">
			Earth Scientist
			</node>

			<node service="4">
			ES Tech
			</node>

		</node>

		<node service="4">
		Safety Team
		Leader

			<node service="4">
			Safety Rep
			</node>

			<node service="4">
			Safety Tech
			</node>

			<node service="4">
			Permit Specialist
			</node>

			<node service="4">
			Permit Tech
			</node>

		</node>

		<node service="4">
		Drilling 
		Manager

			<node service="4">
			Drlg Supt
			</node>

			<node service="5">
			Drlg Engr Mgr

				<node service="4">
				Drlg Engr
				</node>

				<node service="9">
				B Plan Analyst

					<node service="4">
					Drlg Rep
					</node>

					<node service="4">
					Drlg Tech
					</node>

				</node>

			</node>

			<node service="4">
			Cased Hole Supt

				<node service="4">
				Completion Engr							
				</node>

				<node service="4">
				WO Plan/Coord							
				</node>

				<node service="4">
				WO Rep								
				</node>

			</node>

		</node>

		<node service="4">
		Finance
		Supervisor

			<node service="4">
			Finance Spec							
			</node>
	
		</node>

		<node service="4">
		B Planning Engr
		</node>

		<node service="4">
		Field Coordinator
		</node>

	</node>

	<node service="4">
	Western Region
	Manager

		<node service="4">
		Operations
		Manager

			**Ops Asst
			**HES Coord	

			<node service="4">
			Area E Production 

				<node service="4">
				Ops Supv				
				</node>			

				<node service="4">
				Ops Asst				
				</node>			
				
				<node service="4">
				Field Coord				
				</node>			

				<node service="4">
				Safety Coord				
				</node>			

				<node service="4">
				Maintenance Supervisor			

					<node service="4">
					Safety Specialist				
					</node>	

					<node service="4">
					Mechanic				
					</node>	

					<node service="4">
					Electrician				
					</node>	

					<node service="4">
					Operator				
					</node>	

				</node>	
		
			</node>			
		
			<node service="4">
			Area F Production Group				

				<node service="4">
				Ops Supv				
				</node>			

				<node service="4">
				Ops Asst				
				</node>			
				
				<node service="4">
				Field Coord				
				</node>			

				<node service="4">
				Safety Coord				
				</node>			

				<node service="4">
				Maintenance			

					<node service="4">
					Safety Specialist			
					</node>	

					<node service="4">
					Mechanic				
					</node>	

					<node service="4">
					Electrician				
					</node>	

					<node service="4">
					Operator				
					</node>	

				</node>	

			</node>			
		
			<node service="4">
			Area G Production Group			

				<node service="4">
				Ops Supv				
				</node>			

				<node service="4">
				Ops Asst				
				</node>			
				
				<node service="4">
				Field Coord				
				</node>			

				<node service="4">
				Safety Coord				
				</node>			

				<node service="4">
				Maintenance Supervisor				

					<node service="4">
					Safety Supervior				
					</node>	

					<node service="4">
					Mechanic				
					</node>	

					<node service="4">
					Electrician				
					</node>	

					<node service="4">
					Operator				
					</node>	

				</node>	
	
			</node>			
		
			<node service="4">
			Central Production 				

				<node service="4">
				Ops Supv				
				</node>			

				<node service="4">
				Ops Asst				
				</node>			
				
				<node service="4">
				Field Coord				
				</node>			

				<node service="4">
				Safety Coord				
				</node>			

				<node service="4">
				Maintenance Superviosr				

					<node service="4">
					Safety Specialist				
					</node>	

					<node service="4">
					Mechanic				
					</node>	

					<node service="4">
					Electrician				
					</node>	

					<node service="4">
					Operator				
					</node>	

				</node>	

			</node>			
		
			<node service="4">
			Area H Production Group				

				<node service="4">
				Ops Supv				
				</node>			

				<node service="4">
				Ops Asst				
				</node>			
				
				<node service="4">
				Field Coord				
				</node>			

				<node service="4">
				Safety Coord				
				</node>			

				<node service="4">
				Maintenance Superviosr				

					<node service="4">
					Safety Supervisor				
					</node>	

					<node service="4">
					Mechanic				
					</node>	

					<node service="4">
					Electrician				
					</node>	

					<node service="4">
					Operator				
					</node>	

				</node>	

			</node>			
		
			<node service="4">
			FSS		

				<node service="4">
				FSS Supv				
				</node>			

				<node service="4">
				Ops Engr				
				</node>			
				
				<node service="4">
				Plan/Sch				
				</node>			

				<node service="4">
				Fac Rep				
				</node>			

				<node service="4">
				OA				
				</node>	
		
			</node>			
		
			<node service="4">
			Ops Support				

				<node service="4">
				Ops Advisor				
				</node>			

				<node service="4">
				O and M				

					<node service="4">
					Operator				
					</node>			

				</node>			
				

			</node>			
		
		</node>			

		<node service="4">
		Fac Engr
		Supervisor				

			<node service="4">
			EE Supv				

				<node service="4">
				Elect Engr				
				</node>			

				<node service="4">
				I and E Rep				
				</node>			

			</node>			

			<node service="4">
			Fac Engr				
			</node>			

			<node service="4">
			Fac Rep				
			</node>			

			<node service="4">
			FE Tech				
			</node>			

		</node>			

		<node service="4">
		Pet Engr
		Supervisor				

			<node service="4">
			Pet Engr				
			</node>			

			<node service="4">
			Pet Tech				
			</node>			

		</node>			

		<node service="4">
		Pet Engr
		Supervisor				

			<node service="4">
			Pet Engr				
			</node>			

			<node service="4">
			Pet Tech				
			</node>			

		</node>			

		<node service="4">
		Earth Science
		Supervisor		

			<node service="4">
			Earth Scientist				
			</node>			

			<node service="4">
			ES Tech				
			</node>			
		
		</node>			

			

		<node service="4">
		Safety Team
		Leader				

			<node service="4">
			HES Rep				
			</node>			

			<node service="4">
			HES Tech				
			</node>			
		
			<node service="4">
			Permit Spec				
			</node>			

			<node service="4">
			Permit Tech				
			</node>			
		
		</node>			

		<node service="4">
		Drilling
		Manager				

			<node service="4">
			Drilling Supt				
			</node>			

			<node service="4">
			Cased Hole Supt				

				<node service="4">
				Workover Coord				
				</node>			

				<node service="4">
				Workover Engr				
				</node>
			
				<node service="4">
				Workover Rep				
				</node>			

			</node>			
		
			<node service="4">
			Drilling Engr				
			</node>			
		
			<node service="4">
			Completion Engr				
			</node>			
		
			<node service="4">
			Drilling Tech				
			</node>			
		
			<node service="4">
			Drilling Reps				
			</node>			
		
		</node>			

		<node service="4">
		Finance
		Supervisor				

			<node service="4">
			Gas Control Supv				

				<node service="4">
				Blue Water Alloc				
				</node>			

				<node service="4">
				Gas Meas				
				</node>
			
				<node service="4">
				GC Tech				
				</node>			

			</node>			

			<node service="4">
			Ops Data Spec				
			</node>			

			<node service="4">
			Accountant				
			</node>			

			<node service="4">
			Gas Control				
			</node>			

		</node>			

		<node service="4">
		B Planning Engr				
		</node>			
					
	</node>

	<node service="4">
	North Region
	Manager

		**Tech Asst

		<node service="4">
		Heron Bay
		Supervisor

			<node service="4">
			Pet Engr				
			</node>			

			<node service="4">
			Earth Scientist				
			</node>			
				
			<node service="4">
			Fac Engr				
			</node>			

			<node service="4">
			Drig Engr				
			</node>
			
			<node service="4">
			Workover Rep				
			</node>			

			<node service="4">
			Tech				
			</node>			

			<node service="4">
			Prod Operations				
			</node>			

		</node>			

		<node service="4">
		Garden Bay 
		Supervisor				

			<node service="4">
			Pet Engr				
			</node>			

			<node service="4">
			Earth Scientist				
			</node>			
				
			<node service="4">
			Fac Engr				
			</node>			

			<node service="4">
			Drilling Engr				
			</node>
			
			<node service="4">
			Workover Rep				
			</node>			

			<node service="4">
			Tech				
			</node>			

			<node service="4">
			Prod Operations				
			</node>			

		</node>			

		<node service="4">
		Maintenance
		Supervisor				

			<node service="4">
			Pet Engr				
			</node>			

			<node service="4">
			Earth Scientist				
			</node>			
				
			<node service="4">
			Fac Engr				
			</node>			

			<node service="4">
			Drilling Engr				
			</node>
			
			<node service="4">
			Workover Rep				
			</node>			

			<node service="4">
			Tech				
			</node>			

			<node service="4">
			Prod Operations				
			</node>			

		</node>			

		<node service="4">
		Muskrat Bay
		Supervisor				

			<node service="4">
			Pet Engr				
			</node>			

			<node service="4">
			Earth Scientist				
			</node>			
				
			<node service="4">
			Fac Engr				
			</node>			

			<node service="4">
			Drilling Engr				
			</node>
			
			<node service="4">
			Workover Rep				
			</node>			

			<node service="4">
			Tech				
			</node>			

			<node service="4">
			Prod Operations				
			</node>			

		</node>			

		<node service="4">
		Valley Bay
		Supervisor				

			<node service="4">
			Pet Engr				
			</node>			

			<node service="4">
			Earth Scientist				
			</node>			
				
			<node service="4">
			Fac Engr				
			</node>			

			<node service="4">
			Drilling Engr				
			</node>
			
			<node service="4">
			Workover Rep				
			</node>			

			<node service="4">
			Tech				
			</node>			

			<node service="4">
			Prod Operations				
			</node>			

		</node>			

		<node service="4">
		Safety Team
		Leader	

			<node service="4">
			Safety Rep				
			</node>
			
			<node service="4">
			Safety Tech				
			</node>			

			<node service="4">
			Permit Spec				
			</node>			

			<node service="4">
			Permit Tech				
			</node>			
			
		</node>			

		<node service="4">
		Drilling Advisor/
		Superintendent	

			<node service="4">
			Drill Reps
			</node>			

		</node>			

		<node service="4">
		B Planning Engr				

			<node service="4">
			Financial Analyst
			</node>			

			<node service="4">
			Reserves Tech
			</node>			

		</node>			

		<node service="4">
		Earth Scientist
		Advisor				
		</node>			

		<node service="4">
		Operations
		Advisor				
		</node>			

	</node>

	<node service="4">
	Safety Manager

		<node service="4">
		Safety Team Leader
		Northern region

			<node service="4">
			Safety Rep
			</node>			

			<node service="4">
			Safety Tech
			</node>			

			<node service="4">
			Permitting
			</node>			

			<node service="4">
			Field Coord
			</node>			

		</node>			

		<node service="4">
		Safety Team Leader
		Southern region

			<node service="4">
			Safety Rep
			</node>			

			<node service="4">
			Safety Tech
			</node>			

			<node service="4">
			Permitting
			</node>			

			<node service="4">
			Field Coord
			</node>			

		</node>			

		<node service="4">
		Safety Team Leader
		Western Region

			<node service="4">
			Safety Rep
			</node>			

			<node service="4">
			Safety Tech
			</node>			

			<node service="4">
			Permitting
			</node>			

			<node service="4">
			Field Coord
			</node>			

		</node>			

		<node service="7">
		Air Quality Spec
		</node>			

		<node service="4">
		Water and Waste Spec
		</node>			

		<node service="4">
		Permitting Spec
		</node>			

		<node service="4">
		Oil Spill Spec
		</node>			

		<node service="9">
		Drlg Compliance Spec
		</node>			

		<node service="4">
		Ops Compliance Spec
		</node>			

		<node service="4">
		Safety Spec
		</node>			

		<node service="4">
		Tech Support
		</node>			

		<node service="1">
		Transport and
		Shorebase Rep

			<node service="4">
			Shorebase Coord
			</node>			

		</node>			

	</node>

	<node service="4">
	Support Functions

			<node service="4">
			Land
			Manager

				<node service="4">
				HR Professional
				</node>			

			</node>			

			<node service="4">
			Legal
			Assoc Gen Counsel

				<node service="4">
				Attorneys
				</node>			

				<node service="4">
				Legal Analyst
				</node>			

				<node service="4">
				Legal Asst
				</node>			

			</node>			

			<node service="4">
			Public Affairs
			Manager

				<node service="4">
				PA Professional
				</node>			

			</node>			

			<node service="4">
			HR
			Manager

				<node service="4">
				HR Professional
				</node>			

				<node service="4">
				HR Admin
				</node>			

			</node>			

			<node service="4">
			IT Manager
			

				<node service="4">
				Business Planning and Finance
				Supervisor 

					<node service="4">
					Bus Analyst
					</node>			

				</node>			

				<node service="4">
				Project Managment
				Supervisor 

					<node service="4">
					Project Mgr
					</node>			

				</node>			

				<node service="4">
				Network
				Supervisor 

					<node service="4">
					Infrastructure TL

						<node service="4">
						Sys Admin
						</node>			

					</node>			

					<node service="4">
					Offshore Coord

						<node service="4">
						OffShore Ops
						</node>			

					</node>			

				</node>			

				<node service="4">
				Geoscience App and Data Support
				Supervisor 

					<node service="4">
					G and G Apps Team Lead
						<node service="4">
						G and G Apps Analyst
						</node>			

					</node>			

					<node service="4">
					Data Mgmt Team Lead

						<node service="4">
						Data Analyst
						</node>			

					</node>			

				</node>			

				<node service="4">
				Bus/Eng App and Data Supp
				Supervisor

					<node service="4">
					Bus App Analyst
					</node>
			
					<node service="4">
					Data Base Admin
					</node>			

				</node>			

				<node service="4">
				Western IT Site Services
				Supervisor

					<node service="4">
					Bus Analyst
					</node>
			
					<node service="4">
					Infrastructure Team Lead					

						<node service="4">
						Sys Admin					
						</node>			

					</node>			

					<node service="4">
					Apps/PM Team Lead	
				
						<node service="4">
						G and G App Analyst					
						</node>	
		
						<node service="4">
						Data Analyst					
						</node>	
		
						<node service="4">
						Bus App Analyst					
						</node>	
		
						<node service="4">
						Data Base Admin					
						</node>			

					</node>			

					<node service="4">
					Offshore Ops					
					</node>			

				</node>	
			</node>
			<node service="4">
			Business Development 
			and Planning Manager

				<node service="4">
				Lead Project Developer					

					<node service="4">
					Project Developer					
					</node>	

				</node>	
		
				<node service="4">
				Financial Analyst					
				</node>		
	
				<node service="4">
				Planning Engineer					
				</node>		
	
				<node service="4">
				Portfolio Engineer					
				</node>		
	
				<node service="4">
				Gas and Liquids Supervisor					

					<node service="4">
					Gas Coordinator					
					</node>	

					<node service="4">
					Gas Control Administrators					
					</node>	

					<node service="4">
					Measurement Specialist					
					</node>	

					<node service="4">
					Lead Premas Accountant					

						<node service="4">
						Premas Accountants					
						</node>	

					</node>	

				</node>			

			</node>			

			<node service="10">
			Processes and Services
			General Manager

				<node service="8">
				Operational Eff
				Coordinator					
				</node>	

				<node service="4">
				CSOC
				Coordinator					
				</node>	

				<node service="4">
				Tech Brokers
				(Drig, Comp, FE)					
				</node>	

				<node service="14">
				ERTC
				Manager					

					<node service="4">
					Trainer					
					</node>	

				</node>	

				<node service="4">
				Aviation
				Manager	

					<node service="10">
					Admin Asst					

						<node service="6">
						Airport Asst					
						</node>

					</node>
	
					<node service="4">
					Safety and Purch Spec					
					</node>	

					<node service="4">
					Maint Supv					

						<node service="4">
						O and M					
						</node>

					</node>	

					<node service="4">
					Chief Pilot

						<node service="4">
						Pilot					
						</node>

						<node service="4">
						Dispatcher					
						</node>
					
					</node>	

					<node service="3">
					Insp Supv	

						<node service="4">
						QC Tech					
						</node>

						<node service="4">
						O and M					
						</node>
				
					</node>	
				
				</node>	

				<node service="4">
				Marine and SB 
				Supt		

					<node service="8">
					Trans Supv					
					</node>
			
					<node service="4">
					OA					
					</node>

					<node service="1">
					Safety Coord					
					</node>
			
					<node service="4">
					Operator - SBC					
					</node>
			
					<node service="4">
					FC/TL/TC					
					</node>
			
					<node service="4">
					Marine Coord					
					</node>
			
					<node service="4">
					Planner					
					</node>
			
				</node>	

				<node service="4">
				Ops and Maint
				Supervisor

					<node service="1">
					Ops Supv					
					</node>
			
					<node service="1">
					Administrator					
					</node>
			
					<node service="1">
					Chemical Rep					
					</node>
			
					<node service="1">
					Maintenance East					
					</node>
			
					<node service="1">
					Maintenance West					
					</node>
			
					
				</node>	

				<node service="4">
				Procurement
				Manager		

					<node service="4">
					Asset Management
					Team Leader					

						<node service="4">
						Invest Recovery Rep					
						</node>

						<node service="4">
						Sr Material Spec					
						</node>

					</node>
						
					<node service="4">
					Procure and B Plan
					Analyst					
					</node>
						
					<node service="10">
					Strategic Sourcing
					Team Leader					

						<node service="4">
						Functional Proc Coord					
						</node>

						<node service="7">
						Sourcing Spec					
						</node>

						<node service="2">
						Procure Asst					
						</node>

					</node>
						
					<node service="4">
					Transactional Procure
					Onshore Team Leader	

						<node service="4">
						Contract and Risk Admin					

							<node service="4">
							Contract Asst					
							</node>

							<node service="4">
							Insurance Spec					
							</node>

							<node service="4">
							Insurance Asst					
							</node>

							<node service="4">
							Office Asst					
							</node>

						</node>

						<node service="4">
						Buyer					
						</node>

						<node service="4">
						Sr Invoice Processor					
						</node>

						<node service="4">
						Invoice Processor					
						</node>
				
					</node>
						
					<node service="4">
					Transactional Procure
					Offshore Team Leader

						<node service="4">
						Procure Asst					
						</node>
					
						<node service="4">
						Sr Invoice Processor					
						</node>
					
						<node service="4">
						Invoice Processor					
						</node>
					
					</node>
						
				</node>	

			</node>			

	</node>

	<node service="4">
	Exploration
		<node service="4">
		B Planning Coord
			<node service="4">
			Scout
			</node>
		</node>

		<node service="4">
		Geologist
		</node>

		<node service="4">
		Geophysicist	
		</node>

		<node service="4">
		ES Technologist
		</node>

		<node service="1">
		Tech
		</node>
	</node>

	<node service="4">
	Joint Ventures
		<node service="0">
		Earth Scientist
		</node>

		<node service="4">
		Pet Engr
		</node>

		<node service="9">
		Tech
		</node>

	</node>
</node>
